Dataset,Waveform,Start,AscUL,End
B&L Beta Mini Backfill,1,135,759,1025
B&L Beta Mini Backfill,2,3425,4006,4652
B&L Beta Mini Backfill,3,6820,7354,7744
B&L Beta Mini Backfill,4,9910,10436,10822
B&L Beta Mini Backfill,5,13228,13778,14256
B&L Beta Mini Backfill,6,16699,17186,17714
B&L Beta Mini Backfill,7,20439,20964,21622
B&L Beta Mini Backfill,8,23854,24364,24862
B&L Beta Mini Backfill,9,27349,27866,28168
B&L Beta Mini Backfill,10,30832,31378,31822
Elements iC Backfill,1,152,732,1206
Elements iC Backfill,2,4364,4932,5447
Elements iC Backfill,3,8366,8934,9573
Elements iC Backfill,4,12664,13204,13606
Elements iC Backfill,5,20883,21471,21842
Elements iC Backfill,6,24654,25195,25752
Elements iC Backfill,7,27779,28356,28777
Elements iC Backfill,8,30833,31438,31870
Elements iC Backfill,9,34768,35488,36100
Elements iC Backfill,10,39001,39571,39997
Elements iC Backfill,11,42242,42853,43303
Woodpecker Fi-E Backfill,1,205,566,1057
Woodpecker Fi-E Backfill,2,3009,3392,3914
Woodpecker Fi-E Backfill,3,6132,6737,7286
Woodpecker Fi-E Backfill,4,9123,9613,10355
Woodpecker Fi-E Backfill,5,11944,12421,12966
Woodpecker Fi-E Backfill,6,14598,15326,15646
Woodpecker Fi-E Backfill,7,17779,18379,19123
Woodpecker Fi-E Backfill,8,21001,21627,22193
Woodpecker Fi-E Backfill,9,24171,24710,25102
Woodpecker Fi-E Backfill,10,26991,27536,28426
Woodpecker Fi-E Backfill,11,30242,30662,31243
Woodpecker Fi-G Backfill,1,327,938,1572
Woodpecker Fi-G Backfill,2,3242,3803,4176
Woodpecker Fi-G Backfill,3,6397,6933,7293
Woodpecker Fi-G Backfill,4,9574,10168,10484
Woodpecker Fi-G Backfill,5,13056,13614,14009
Woodpecker Fi-G Backfill,6,16550,17142,17610
Woodpecker Fi-G Backfill,7,19859,20460,20822
Woodpecker Fi-G Backfill,8,23724,24342,24663
Woodpecker Fi-G Backfill,9,27041,27533,28120
Woodpecker Fi-G Backfill,10,30210,30746,31085
B&L Alpha Downpack,1,122,145,214
B&L Alpha Downpack,2,796,815,875
B&L Alpha Downpack,3,1562,1585,1643
B&L Alpha Downpack,4,2137,2156,2216
B&L Alpha Downpack,5,2673,2696,2752
B&L Alpha Downpack,6,3443,3466,3516
B&L Alpha Downpack,7,4398,4413,4464
B&L Alpha Downpack,8,5162,5180,5254
B&L Alpha Downpack,9,6036,6056,6101
B&L Alpha Downpack,10,6771,6805,6854
B&L Alpha Downpack,11,7586,7615,7687
Elements iC Downpack,1,147,162,215
Elements iC Downpack,2,897,921,978
Elements iC Downpack,3,1532,1555,1608
Elements iC Downpack,4,2202,2222,2284
Elements iC Downpack,5,3215,3238,3256
Elements iC Downpack,6,3881,3902,3974
Elements iC Downpack,7,4498,4521,4571
Elements iC Downpack,8,5122,5142,5197
Elements iC Downpack,9,5946,5967,6028
Elements iC Downpack,10,7123,7145,7216
Woodpecker Fi-P Downpack,1,402,415,441
Woodpecker Fi-P Downpack,2,1072,1091,1118
Woodpecker Fi-P Downpack,3,1760,1777,1810
Woodpecker Fi-P Downpack,4,2354,2368,2411
Woodpecker Fi-P Downpack,5,2890,2906,2942
Woodpecker Fi-P Downpack,6,3473,3488,3528
Woodpecker Fi-P Downpack,7,4032,4049,4089
Woodpecker Fi-P Downpack,8,4644,4661,4715
Woodpecker Fi-P Downpack,9,5352,5366,5448
Woodpecker Fi-P Downpack,10,6030,6043,6098
Woodpecker Fi-P Downpack,11,6585,6600,6659
